Channel,Watch time(Minutes),Stream time(minutes),Peak viewers,Average viewers,Followers,Followers gained,Views gained,Partnered,Mature,Language,,ChannelS,Watch time(Minutes)S,Stream time(minutes)S,Peak viewersS,Average viewersS,FollowersS,Followers gainedS,Views gainedS,PartneredS,MatureS,LanguageS
xQcOW,6196161750,215250,222720,27716,3246298,1734810,93036735,TRUE,FALSE,English,,Rubius,2588632635,58275,240096,42948,5751354,3820532,58599449,TRUE,FALSE,Spanish
summit1g,6091677300,211845,310998,25610,5310163,1370184,89705964,TRUE,FALSE,English,,auronplay,2410022550,40575,170115,53986,3983847,3966525,41514854,TRUE,FALSE,Spanish
ESL_CSGO,3970318140,517740,300575,7714,3944850,703986,106546942,TRUE,FALSE,English,,TheGrefg,1757406750,54855,538444,28887,3795667,3593081,47094362,TRUE,FALSE,Spanish
Tfue,3671000070,123660,285644,29602,8938903,2068424,78998587,TRUE,FALSE,English,,ibai,1412913285,57795,173238,22837,1894953,1602088,44178173,TRUE,FALSE,Spanish
Asmongold,3668799075,82260,263720,42414,1563438,554201,61715781,TRUE,FALSE,English,,LVPes,1115650275,90960,233009,12947,587677,158934,51523747,TRUE,FALSE,Spanish
NICKMERCS,3360675195,136275,115633,24181,4074287,1089824,46084211,TRUE,FALSE,English,,elded,853049385,110940,44758,7699,2601858,1108422,14789437,TRUE,FALSE,Spanish
Fextralife,3301867485,147885,68795,18985,508816,425468,670137548,TRUE,FALSE,English,,juansguarnizo,849083325,123780,45631,6039,1204773,946280,12708431,TRUE,FALSE,Spanish
loltyler1,2928356940,122490,89387,22381,3530767,951730,51349926,TRUE,FALSE,English,,ElmiilloR,686456910,126105,45726,5163,426716,189847,20714971,TRUE,FALSE,Spanish
Anomaly,2865429915,92880,125408,12377,2607076,1532689,36350662,TRUE,FALSE,English,,coscu,622424175,77160,80444,8919,1865296,1061265,19438119,TRUE,FALSE,Spanish
TimTheTatman,2834436990,108780,142067,25664,5265659,1244341,50119786,TRUE,TRUE,English,,MYM_ALKAPONE,599850495,97830,26221,5948,770535,153803,7831334,TRUE,FALSE,Spanish
LIRIK,2832930285,128490,89170,21739,2666382,199077,50504526,TRUE,FALSE,English,,Reborn_Live,578122875,32100,57849,17488,697007,682512,9965787,TRUE,TRUE,Spanish
Riot Games (riotgames),2674646715,80820,639375,20960,4487489,497678,56855694,TRUE,FALSE,English,,Brunenger,559915035,183225,64308,2844,659652,649562,12736000,TRUE,FALSE,Spanish
sodapoppin,2329440420,115305,107833,19659,2786162,236169,39334821,TRUE,TRUE,English,,FolagorLives,482387190,79995,57813,5032,786983,417899,9640983,TRUE,FALSE,Spanish
CohhCarnage,2029212570,175230,43615,11343,1264808,124242,38718674,TRUE,FALSE,English,,alexelcapo,418413015,72930,74670,5772,680023,211908,13364167,TRUE,FALSE,Spanish
Lord_Kebun,1943299035,153720,34830,12367,434200,137215,19645967,TRUE,FALSE,English,,Llobeti4,402468465,112545,37469,3410,648084,606080,9957496,TRUE,FALSE,Spanish
Castro_1021,1845157080,100215,125133,17779,2411995,550678,22672980,TRUE,FALSE,English,,Magic,362552205,43350,114234,5123,365714,50355,18694298,TRUE,FALSE,Spanish
DrDisrespect,1839882465,73065,97540,23794,4450718,825004,43919410,TRUE,FALSE,English,,bysTaXx,331965075,48945,259210,6210,1093212,795296,10207313,TRUE,FALSE,Spanish
Pestily,1659741015,138300,168112,8481,616168,520342,24029726,TRUE,FALSE,English,,Alexby11,323225055,54810,53526,5331,1448018,1145810,8378248,TRUE,FALSE,Spanish
GamesDoneQuick,1619144100,87450,234826,6734,1724316,113469,43345080,TRUE,FALSE,English,,knekro,298811910,102210,13731,2912,260728,97206,10900480,TRUE,FALSE,Spanish
MOONMOON,1527882945,124680,24892,11220,923448,95776,13505898,TRUE,TRUE,English,,ElRichMC,288441015,31155,95938,9062,688715,431071,8120275,TRUE,FALSE,Spanish
DrLupo,1517612010,172350,90696,8311,4115083,567795,47295386,TRUE,FALSE,English,,ReventXz,286819950,84330,47282,3073,362062,219868,8050871,TRUE,FALSE,Spanish
Myth,1479214575,134760,122552,9396,6726893,1421811,37384058,TRUE,FALSE,English,,Conterstine,283398825,92805,18090,2557,386804,375789,5308302,TRUE,FALSE,Spanish
nl_Kripp,1470897720,155895,29316,9256,1379123,96793,20034033,TRUE,FALSE,English,,IamCristinini,262492530,135240,7943,1906,398634,218848,12690137,TRUE,FALSE,Spanish
LEC,1470431925,45660,305119,28830,973727,551345,25924096,TRUE,FALSE,English,,Ampeterby7,254852265,27480,43882,9301,1194476,1185647,6513197,FALSE,FALSE,Spanish
Fresh,1464179820,147660,57431,9728,3135667,1875187,25341820,TRUE,FALSE,English,,SNEUX,254717640,57510,30067,3748,196635,155555,4540889,TRUE,FALSE,Spanish
LCS,1461310140,31125,214124,46459,1162746,526244,28313058,TRUE,FALSE,English,,Perxitaa,251497200,30330,55418,8010,689582,669977,7036771,TRUE,FALSE,Spanish
ROSHTEIN,1435735725,118995,45843,11717,381918,242369,17836875,FALSE,TRUE,English,,IlloJuan,251067885,60495,24315,4087,275174,178705,5676686,TRUE,FALSE,Spanish
TFBlade,1394312895,141285,35833,9117,1008040,450146,35978104,TRUE,FALSE,English,,Mixwell,238993935,52905,23552,4219,331208,271798,6539837,TRUE,FALSE,Spanish
LCK,1351758525,37140,171861,36030,934688,307853,28970100,TRUE,FALSE,English,,G4G_REVENANT,237767160,82110,14376,2947,284620,69353,6608568,TRUE,FALSE,Spanish
Yassuo,1347412425,103905,70587,10531,1878416,689957,32362117,TRUE,FALSE,English,,CooLifeGame,234307740,47010,15459,4415,395859,167356,5764214,TRUE,FALSE,Spanish
HasanAbi,1339344945,193560,44649,6543,470123,340810,14154952,TRUE,FALSE,English,,bytarifaaa,228077640,15390,121009,13435,638657,629175,3651549,TRUE,FALSE,Spanish
BeyondTheSummit,1339097490,505080,116547,2635,923689,114948,42403593,TRUE,FALSE,English,,ElcanaldeJoaco,208060515,20445,48072,8673,810622,758797,4893535,TRUE,TRUE,Spanish
Bugha,1324519320,100470,66311,12982,2942212,2220765,49441744,TRUE,FALSE,English,,MarkiLokurasY,200552295,71070,26329,2714,923377,417223,7000112,TRUE,FALSE,Spanish
RocketLeague,1322448480,33540,206681,36086,1409120,412101,57189129,TRUE,FALSE,English,,Peereira7,198252765,133800,14532,1377,377689,361206,6222094,TRUE,TRUE,Spanish
Clix,1256647110,89760,81926,12996,2035180,1687923,33286370,TRUE,FALSE,English,,zEkO,193867860,44970,21313,4440,743040,370683,5338943,TRUE,TRUE,Spanish
Gorgc,1252711830,141135,56449,8683,391726,136943,20882507,TRUE,TRUE,English,,x6FlipiN,193573740,61095,19304,2712,279204,186655,6462906,TRUE,TRUE,Spanish
ONSCREEN,1197130335,134880,88516,4134,918654,669348,22820310,TRUE,FALSE,English,,SLAKUN10,179262330,9555,48358,18906,1874932,1874846,5835029,TRUE,FALSE,Spanish
AdmiralBahroo,1188645990,141210,21053,8152,778055,72454,12853095,TRUE,FALSE,English,,Th3Antonio,176072760,62175,13955,2419,223756,87872,5222867,TRUE,FALSE,Spanish
Quin69,1186941750,174270,36742,6616,538532,87860,19512632,TRUE,TRUE,English,,orslok,173607810,52005,21759,3082,327888,269085,5048873,TRUE,FALSE,Spanish
dasMEHDI,1172969025,231465,47683,5013,299048,76568,7422911,TRUE,TRUE,English,,grafo,172499415,111105,7165,1544,414577,173024,5627155,TRUE,FALSE,Spanish
sneakylol,1149209820,174885,22759,6775,1659108,183911,17820367,TRUE,FALSE,English,,Pimpeano,170116395,21420,38592,6469,740343,665323,3744461,TRUE,TRUE,Spanish
NickEh30,1148114400,117885,85073,9702,1660204,1445590,39439261,TRUE,FALSE,English,,Werlyb,168339975,57105,37980,2399,204348,146852,5349362,TRUE,FALSE,Spanish
Vader,1110952500,184305,16289,5913,424374,57681,11535871,TRUE,TRUE,English,,Dementardo,166850715,35445,15476,4663,547154,465321,2419659,TRUE,FALSE,Spanish
forsen,1106781045,109140,33966,10080,1308165,164792,18534278,TRUE,TRUE,English,,k1ng,163381335,36540,52558,4365,706537,614383,6210317,TRUE,FALSE,Spanish
StarLadder_cs_en,1088832810,32880,329195,29956,820675,260993,29821162,TRUE,FALSE,English,,lolesportsla,163132800,40950,37187,4586,186208,71514,5283711,TRUE,FALSE,Spanish
Symfuhny,1076179485,137400,45671,7327,2355063,704327,18756705,TRUE,TRUE,English,,goncho,162817050,61770,18091,2431,442412,236558,6156791,TRUE,TRUE,Spanish
DreamHackCS,1052904720,314595,212201,5001,1801697,275934,28759226,TRUE,FALSE,English,,MenosTrece,162738420,107700,7132,1481,470873,190155,5465173,TRUE,FALSE,Spanish
Mizkif,1052047935,123120,32671,7899,591653,365303,13585178,TRUE,FALSE,English,,CarritosKami,159557775,104955,14634,1681,165439,67444,6694660,TRUE,FALSE,Spanish
Rainbow6,1031011170,82380,135471,11535,1501197,428942,16786627,TRUE,TRUE,English,,bazattak007,158951265,87330,11217,1630,391413,322355,4835861,TRUE,FALSE,Spanish
Maximilian_DOOD,1023316710,110040,43253,9235,833047,133195,15517436,TRUE,FALSE,English,,SkyshockTV,154727730,94275,6213,1605,114154,32991,3059244,TRUE,FALSE,Spanish
Trainwreckstv,1021699920,148425,49379,7134,728097,379973,12449595,TRUE,TRUE,English,,Evangelion0,154595850,85635,8533,1777,120494,28322,3446723,TRUE,FALSE,Spanish
dota2ti,1017577605,6315,483530,147643,663297,121422,16228039,TRUE,FALSE,English,,cacho01,152494320,54645,18552,2669,269080,250197,2516244,TRUE,FALSE,Spanish
SypherPK,1016450160,145230,130401,6553,3611359,1118169,26996445,TRUE,FALSE,English,,natalan,152469705,60510,9561,2240,529357,462674,2737155,TRUE,TRUE,Spanish
Sacriel,1002681105,163095,66781,5573,672403,136341,60194490,TRUE,FALSE,English,,DuendePablo,152343585,133290,10121,1101,514073,118567,4216188,TRUE,FALSE,Spanish
dakotaz,978947160,132615,43397,7112,4520305,489250,18504106,TRUE,FALSE,English,,Frankkaster,150181140,30975,49127,4886,826222,356711,5878239,TRUE,TRUE,Spanish
AdmiralBulldog,972317520,154845,16681,6198,694253,66513,17095676,TRUE,TRUE,English,,MarkitoNavaja,149407365,28410,26584,5070,665430,641813,3159593,TRUE,FALSE,Spanish
pokimane,964334055,56505,112160,16026,5367605,2085831,45579002,TRUE,FALSE,English,,RobertoCein,149162865,114120,15249,1270,730326,422842,2907888,TRUE,TRUE,Spanish
Method,905107560,230940,148350,4135,401400,132108,22813009,TRUE,FALSE,English,,Vicens,146199795,26115,30628,5739,730679,724245,4110592,TRUE,FALSE,Spanish
Nightblue3,899215845,118980,17738,7234,2641880,175130,19181711,TRUE,FALSE,English,,LRojo_,144763395,111435,11178,1192,100767,82320,3959878,TRUE,FALSE,Spanish
EsfandTV,888938940,189045,29597,4393,471970,216021,24144005,TRUE,FALSE,English,,BarcaGamer,141736230,119565,57917,1234,636568,548578,3012949,TRUE,FALSE,Spanish
shroud,888505170,30240,471281,29612,7744066,833587,30621257,TRUE,FALSE,English,,ElOjoNinja,134761230,82020,9339,1484,273504,133594,5226901,TRUE,FALSE,Spanish
Scarra,864157695,138360,27421,6060,1242014,333090,15626904,TRUE,FALSE,English,,Tanovich,133079115,89865,10352,1434,296560,219383,3677360,TRUE,TRUE,Spanish
LPL,850636305,48765,146577,17573,502467,280538,31029241,TRUE,FALSE,English,,iGeStarK,131957700,79455,12893,1282,244437,231731,2948954,TRUE,FALSE,Spanish
OverwatchLeague,805163370,24480,254493,33132,1796619,83198,27099682,TRUE,FALSE,English,,SoyPan,129903855,132840,13884,954,343191,162018,2167760,TRUE,FALSE,Spanish
Thijs,794621265,108720,24923,7180,755116,68557,15548337,TRUE,FALSE,English,,wingz,128746905,92715,3940,1347,85695,32924,3057045,TRUE,FALSE,Spanish
Swagg,790021440,108375,74199,6309,784966,723082,7527027,TRUE,FALSE,English,,FlexZ,127550640,114750,14278,897,155382,133959,3254805,TRUE,FALSE,Spanish
TeePee,789698115,170010,78741,4410,520519,238257,17102146,TRUE,TRUE,English,,Staryuuki,127219620,77040,5530,1467,586475,530306,5418113,TRUE,FALSE,Spanish
LVNDMARK,788421150,199350,96236,3688,248829,244295,8815201,TRUE,FALSE,English,,LITkillah,122524635,13560,21359,9104,601927,562691,2162107,TRUE,FALSE,Spanish
BLASTPremier,753808200,25260,113167,24689,501371,315910,21104122,TRUE,FALSE,English,,,,,,,,,,,,
cloakzy,748023225,101670,40497,6743,2138294,558107,14533643,TRUE,FALSE,English,,,,,,,,,,,,
aceu,744620970,118125,26141,6328,859439,763489,15894732,TRUE,TRUE,English,,,,,,,,,,,,
Elajjaz,726000045,145755,13080,4922,346566,37883,12800182,TRUE,FALSE,English,,,,,,,,,,,,
CDNThe3rd,722562675,134280,55752,4919,2009972,167704,15136396,TRUE,FALSE,English,,,,,,,,,,,,
WePlayEsport_EN,704823000,107745,87751,6127,175061,137229,17857171,TRUE,FALSE,English,,,,,,,,,,,,
allkeyshop_tv,663185955,487005,6075,1361,67472,26937,55639770,TRUE,FALSE,English,,,,,,,,,,,,
PlayHearthstone,661075170,41175,43877,13154,825727,39065,28719610,TRUE,FALSE,English,,,,,,,,,,,,
ESL_DOTA2,661049190,212010,99858,4714,337177,91323,14784068,TRUE,FALSE,English,,,,,,,,,,,,
Kitboga,656365305,80760,20913,7394,772055,331906,8392545,TRUE,FALSE,English,,,,,,,,,,,,
DansGaming,653181210,187530,33646,3270,817365,29415,13757678,TRUE,FALSE,English,,,,,,,,,,,,
Destiny,650910525,162690,24101,3894,571183,115692,8579344,TRUE,TRUE,English,,,,,,,,,,,,
RATIRL,649761570,145050,14480,4420,423002,249048,14109245,TRUE,TRUE,English,,,,,,,,,,,,
Yogscast,644580630,443130,54885,1384,961860,127684,20999649,TRUE,FALSE,English,,,,,,,,,,,,
dogdog,622199835,103335,24727,5856,594239,50345,12089717,TRUE,FALSE,English,,,,,,,,,,,,
chocoTaco,620395515,160830,30514,3846,1134153,250201,17922897,TRUE,FALSE,English,,,,,,,,,,,,
Amouranth,618067800,235170,13495,2560,1707804,532750,48015117,TRUE,FALSE,English,,,,,,,,,,,,
UberHaxorNova,615472275,181950,7808,3247,421256,65267,7518457,TRUE,FALSE,English,,,,,,,,,,,,
Giantwaffle,612594165,165525,36340,3429,878934,15334,10831070,TRUE,FALSE,English,,,,,,,,,,,,
imaqtpie,596368095,167190,26087,3478,2652018,50312,13182700,TRUE,FALSE,English,,,,,,,,,,,,
x2Twins,595707975,125745,31874,4167,1288969,1035561,15264996,TRUE,FALSE,English,,,,,,,,,,,,
SmiteGame,586925850,344055,33245,1588,535211,73678,8305604,TRUE,FALSE,English,,,,,,,,,,,,
RatedEpicz,582401145,175920,11860,3336,134757,74221,7251200,TRUE,TRUE,English,,,,,,,,,,,,
Anton,581034300,142890,137531,3199,207484,128050,6176254,TRUE,TRUE,English,,,,,,,,,,,,
benjyfishy,580787955,34350,75491,14423,1739112,1455278,20411553,TRUE,FALSE,English,,,,,,,,,,,,
CasinoDaddy,577240710,267465,6524,2168,151098,42680,7493491,FALSE,TRUE,English,,,,,,,,,,,,
Jinnytty,569601090,151815,15190,3607,372334,213291,15165872,TRUE,FALSE,English,,,,,,,,,,,,
Mathil1,561997440,134715,25866,3953,293595,66982,13159849,TRUE,FALSE,English,,,,,,,,,,,,
Greekgodx,561616335,89745,45741,7083,1278824,403108,12441822,TRUE,TRUE,English,,,,,,,,,,,,
ClassyBeef,558883590,273660,33624,1941,108623,88671,6626543,FALSE,TRUE,English,,,,,,,,,,,,
Diegosaurs,558587535,128580,32463,4150,521201,270255,9851921,TRUE,TRUE,English,,,,,,,,,,,,
BobRoss,558170835,238035,11659,2175,1519266,216326,7491995,TRUE,FALSE,English,,,,,,,,,,,,
Nick28T,556741020,183660,15155,3024,977377,78054,6777975,TRUE,TRUE,English,,,,,,,,,,,,
GMHikaru,554249955,68355,46106,7155,505361,425023,20086431,TRUE,FALSE,English,,,,,,,,,,,,
Chap,550951215,157545,22571,3430,1272899,273926,13683195,TRUE,FALSE,English,,,,,,,,,,,,
Klean,545108145,169605,101124,2801,276242,154466,7844435,TRUE,FALSE,English,,,,,,,,,,,,
Gladd,543954570,171195,54477,2779,337972,157424,9290817,TRUE,FALSE,English,,,,,,,,,,,,
CriticalRole,539495145,21300,110800,17689,571210,237069,7827030,TRUE,FALSE,English,,,,,,,,,,,,
Vinesauce,536989080,86790,19065,6125,442493,80616,5560969,TRUE,TRUE,English,,,,,,,,,,,,
ludwig,525883695,94575,60346,5368,542580,505089,8508355,TRUE,FALSE,English,,,,,,,,,,,,
RduLIVE,525737445,127380,11854,3953,234884,62490,7653194,TRUE,FALSE,English,,,,,,,,,,,,
Hiko,523057245,79665,41644,5268,1001350,479830,11106951,TRUE,FALSE,English,,,,,,,,,,,,
FENGRUSH,521568750,100605,16128,4985,95643,23288,44675247,TRUE,FALSE,English,,,,,,,,,,,,
Chess,521511525,96315,83666,5767,326118,181232,84500786,TRUE,FALSE,English,,,,,,,,,,,,
72hrs,519458565,136515,30702,3756,1024814,315190,12051692,TRUE,FALSE,English,,,,,,,,,,,,
TwitchRivals,516113670,36555,109148,14509,999480,644684,71159574,TRUE,FALSE,English,,,,,,,,,,,,
hashinshin,515812965,192255,12540,2483,570621,159892,11386166,TRUE,FALSE,English,,,,,,,,,,,,
JoshOG,510984165,159300,85051,2957,1748928,120782,20688501,TRUE,FALSE,English,,,,,,,,,,,,
B0aty,510323715,151215,22375,3152,516113,49577,8448691,TRUE,TRUE,English,,,,,,,,,,,,
AustinShow,509643945,21000,72199,24739,840624,378656,11648873,TRUE,TRUE,English,,,,,,,,,,,,
39daph,509052375,135495,12648,3766,505362,470589,8983449,TRUE,FALSE,English,,,,,,,,,,,,
scump,506838930,71355,79976,6789,893010,275270,8661072,TRUE,FALSE,English,,,,,,,,,,,,
Kyle,501208575,161295,9339,3059,182260,60506,5692219,TRUE,TRUE,English,,,,,,,,,,,,
Aydan,495563580,140595,51268,3507,1701314,425036,11009240,TRUE,TRUE,English,,,,,,,,,,,,
Mongraal,492733995,27060,89706,18180,2951980,1454481,19515587,TRUE,FALSE,English,,,,,,,,,,,,
EmadGG,487281450,132630,67732,2741,702744,623391,9556065,TRUE,FALSE,English,,,,,,,,,,,,
lilypichu,477949200,56280,33075,8407,1363222,657630,14729189,TRUE,FALSE,English,,,,,,,,,,,,
KingGeorge,472786395,160140,12621,2914,767727,250434,6445996,TRUE,FALSE,English,,,,,,,,,,,,
KingRichard,472405995,137175,17327,3312,1536757,109795,9570639,TRUE,FALSE,English,,,,,,,,,,,,
Zizaran,460519830,156195,20745,2552,267004,47149,16917944,TRUE,FALSE,English,,,,,,,,,,,,
imls,460332570,78945,32758,5621,392024,177673,8610645,TRUE,FALSE,English,,,,,,,,,,,,
TSM_ImperialHal,459076530,120975,23107,3550,302593,287810,8907366,TRUE,FALSE,English,,,,,,,,,,,,
Ramee,457242510,159825,10845,2825,132642,74094,6606894,TRUE,FALSE,English,,,,,,,,,,,,
Towelliee,453487500,183090,15495,2392,705098,21398,17009119,TRUE,FALSE,English,,,,,,,,,,,,
FollowGrubby,451910415,132015,15296,3365,430649,46282,12249560,TRUE,FALSE,English,,,,,,,,,,,,
IWillDominate,442870530,93480,23813,4591,797244,79514,8695968,TRUE,FALSE,English,,,,,,,,,,,,
Nadeshot,440331540,50175,40327,7985,1472104,428800,7844647,TRUE,TRUE,English,,,,,,,,,,,,
buddha,438460680,135090,11971,3184,247303,24901,6326808,TRUE,TRUE,English,,,,,,,,,,,,
Deadlyslob,438143850,119085,104568,3088,315637,130944,6321235,TRUE,FALSE,English,,,,,,,,,,,,
ESAMarathon,433329345,301395,22132,1460,244440,35038,32500708,TRUE,FALSE,English,,,,,,,,,,,,
Nmplol,429213420,63870,24687,6767,455444,130564,8859183,TRUE,FALSE,English,,,,,,,,,,,,
Sequisha,426325350,163530,19755,2540,252495,86220,7404102,TRUE,TRUE,English,,,,,,,,,,,,
HusKerrs,425044665,107610,39433,3247,361360,288952,6298662,TRUE,FALSE,English,,,,,,,,,,,,
Shiphtur,420316860,118410,19688,3414,709343,58604,7906425,TRUE,FALSE,English,,,,,,,,,,,,
BarbarousKing,419187600,188895,13419,2244,159402,42931,4822422,TRUE,TRUE,English,,,,,,,,,,,,
moistcr1tikal,415091820,103170,42135,3977,1166681,724159,7780736,TRUE,FALSE,English,,,,,,,,,,,,
Rush,412717875,86265,15405,4731,542991,120906,7575905,TRUE,FALSE,English,,,,,,,,,,,,
LosPollosTV,411900525,69900,54323,5671,476096,138468,6201733,TRUE,FALSE,English,,,,,,,,,,,,
DreamLeague,411414600,244560,147514,1751,349054,61032,7424007,TRUE,FALSE,English,,,,,,,,,,,,
Voyboy,411274050,80670,21187,4632,1251182,139443,8151140,TRUE,FALSE,English,,,,,,,,,,,,
DatModz,409985220,228615,14288,1753,270720,36757,9812812,TRUE,FALSE,English,,,,,,,,,,,,
dafran,408885990,92565,19611,4319,599036,142689,7944645,TRUE,FALSE,English,,,,,,,,,,,,
Aurateur,407829960,163815,15547,2492,142427,26782,4368785,TRUE,TRUE,English,,,,,,,,,,,,
pokelawls,407214675,118335,22496,3352,668807,182123,5999354,TRUE,FALSE,English,,,,,,,,,,,,
A_Seagull,407156655,95160,28779,4193,1028544,55228,7374161,TRUE,TRUE,English,,,,,,,,,,,,
koil,403848390,145035,13421,2791,299033,50231,7743238,TRUE,TRUE,English,,,,,,,,,,,,
itsHafu,400822020,123375,34345,3276,787371,36756,10008765,TRUE,FALSE,English,,,,,,,,,,,,
StaysafeTV,399746130,135180,15608,2876,149648,73218,7427189,TRUE,TRUE,English,,,,,,,,,,,,
Loeya,398289900,150495,7955,2635,1233300,337821,19024045,TRUE,FALSE,English,,,,,,,,,,,,
btssmash,389890800,362970,94083,1061,216558,81658,6933788,TRUE,FALSE,English,,,,,,,,,,,,
Payo,385755615,137400,12274,2772,175503,112595,11672019,TRUE,FALSE,English,,,,,,,,,,,,
Shotz,385739280,153105,10316,2523,159763,48388,5464553,TRUE,TRUE,English,,,,,,,,,,,,
m0xyy,384746505,136095,25387,2431,461534,269311,6207063,TRUE,FALSE,English,,,,,,,,,,,,
LexVeldhuis,380251830,73935,58416,4939,244467,66680,14339774,TRUE,FALSE,English,,,,,,,,,,,,
NateHill,379971075,111555,41610,3311,1055613,449635,14221498,TRUE,FALSE,English,,,,,,,,,,,,
Emongg,379682235,155910,21922,2228,504653,156093,5794763,TRUE,FALSE,English,,,,,,,,,,,,
fl0m,379633995,188070,19318,1931,658323,183265,11489901,TRUE,FALSE,English,,,,,,,,,,,,
AsmodaiTV,379345935,132360,11751,2796,247056,30588,6547592,TRUE,FALSE,English,,,,,,,,,,,,
Grimmmz,377312595,176580,21993,2153,1001739,37734,7803917,TRUE,TRUE,English,,,,,,,,,,,,
BurkeBlack,372767025,171675,4922,2154,276421,13471,5367772,TRUE,TRUE,English,,,,,,,,,,,,
Trick2g,371417130,132945,28917,2650,1476226,115863,8688676,TRUE,TRUE,English,,,,,,,,,,,,
FORMAL,369971310,137190,16518,2391,512592,176173,4803076,TRUE,FALSE,English,,,,,,,,,,,,
Fortnite,369166335,12030,169084,28584,3558217,1163448,21509520,TRUE,FALSE,English,,,,,,,,,,,,
ANGRYPUG,360278835,184845,9822,1892,366463,48331,4962556,TRUE,TRUE,English,,,,,,,,,,,,
btscsgo,357966315,57165,74949,6530,219539,166599,9173781,TRUE,FALSE,English,,,,,,,,,,,,
ShivFPS,355389630,203175,7216,1782,236407,174213,6900666,TRUE,FALSE,English,,,,,,,,,,,,
Distortion2,354144315,170220,11495,1953,314170,44982,5500067,TRUE,TRUE,English,,,,,,,,,,,,
boxbox,353396640,117720,25314,2717,1717150,145809,9971842,TRUE,FALSE,English,,,,,,,,,,,,
singsing,346171920,126795,11839,2735,572005,45761,6526670,TRUE,TRUE,English,,,,,,,,,,,,
bateson87,342162660,98730,20204,3344,598678,254821,16648694,TRUE,FALSE,English,,,,,,,,,,,,
NymN,340095510,100125,23488,3402,241746,111122,4409296,TRUE,TRUE,English,,,,,,,,,,,,
NairoMK,335695215,106200,22074,3054,339545,69474,6132895,TRUE,FALSE,English,,,,,,,,,,,,
UnknownxArmy,333869670,92250,41700,3735,850944,836664,11325781,TRUE,FALSE,English,,,,,,,,,,,,
s1mple,333097410,24615,34971,12723,1681884,740732,20277843,TRUE,FALSE,English,,,,,,,,,,,,
Sjow,331726155,149700,8140,2189,240206,21662,3365340,TRUE,FALSE,English,,,,,,,,,,,,
scoped,330160515,63360,47343,5165,731808,728892,8279834,TRUE,TRUE,English,,,,,,,,,,,,
keanelol,327242790,147255,7208,2176,162917,85035,4068823,TRUE,FALSE,English,,,,,,,,,,,,
sips_,325731015,108990,7872,2984,430755,84034,4331397,TRUE,TRUE,English,,,,,,,,,,,,
ESL_CSGOb,325637220,52530,89949,5114,575769,183662,13742820,TRUE,FALSE,English,,,,,,,,,,,,
midbeast,324433515,118005,16153,2652,330060,143256,10000927,TRUE,FALSE,English,,,,,,,,,,,,
Veritas,320121405,135150,103833,1595,182492,131913,4176079,TRUE,FALSE,English,,,,,,,,,,,,
daltoosh,319194420,154440,16445,2038,241602,163486,3665065,TRUE,FALSE,English,,,,,,,,,,,,
TSM_Viss,316437645,117795,18844,2668,762778,101135,7091125,TRUE,FALSE,English,,,,,,,,,,,,
Anthony_Kongphan,316366395,163920,49085,1858,462128,44534,6805829,TRUE,FALSE,English,,,,,,,,,,,,
EASPORTSFIFA,313078095,12165,106126,24395,1287954,427684,11286667,TRUE,FALSE,English,,,,,,,,,,,,
Flashpoint,311325840,19320,77708,11713,93616,93120,27828448,TRUE,FALSE,English,,,,,,,,,,,,
Steelmage,311218875,178485,10815,1696,60987,37839,7005761,TRUE,FALSE,English,,,,,,,,,,,,
AvoidingThePuddle,309117315,80955,13108,3893,336181,67040,4202354,TRUE,TRUE,English,,,,,,,,,,,,
Slushpuppy,307001595,150525,118125,1560,122486,85852,5065635,TRUE,FALSE,English,,,,,,,,,,,,
itmeJP,306920835,145950,24603,2079,369273,6134,10677522,TRUE,FALSE,English,,,,,,,,,,,,
tarzaned,306010080,72390,14602,4159,388878,172683,7744943,TRUE,TRUE,English,,,,,,,,,,,,
Doublelift,301917225,20370,52584,13364,1389835,166536,7617972,TRUE,FALSE,English,,,,,,,,,,,,
Kiwo,299469345,234330,10836,1243,296481,38195,4900030,TRUE,TRUE,English,,,,,,,,,,,,
Savjz,298693050,86205,12708,3401,542892,13967,4072337,TRUE,FALSE,English,,,,,,,,,,,,
BobbyPoffGaming,298668465,224295,6453,1254,125803,81131,2208405,TRUE,FALSE,English,,,,,,,,,,,,
The_Happy_Hob,295999245,106125,8560,2834,216106,38712,4158704,TRUE,TRUE,English,,,,,,,,,,,,
Timmac,294663825,191970,13500,1460,393639,32867,4232938,TRUE,FALSE,English,,,,,,,,,,,,
Nikolarn,293952480,129510,30044,2279,526389,214216,3964166,TRUE,FALSE,English,,,,,,,,,,,,
RiffTrax,293583075,521445,24765,562,79099,17200,3313465,TRUE,FALSE,English,,,,,,,,,,,,
FACEIT TV (faceittv),292881510,35910,145470,9722,1681615,23166,17259602,TRUE,FALSE,English,,,,,,,,,,,,
crokeyz,292698660,163095,5916,1796,68907,36715,3476636,TRUE,FALSE,English,,,,,,,,,,,,
Letshe,291144945,80745,28808,3073,884661,687813,11561585,TRUE,FALSE,English,,,,,,,,,,,,
SaltyBet,290991045,508140,3467,571,224099,69465,4509671,TRUE,FALSE,English,,,,,,,,,,,,
jakenbakeLIVE,289531305,120435,23432,2375,489623,116554,7920696,TRUE,FALSE,English,,,,,,,,,,,,
Syndicate,289369785,58695,22845,4281,3000509,282047,13227099,TRUE,FALSE,English,,,,,,,,,,,,
limit_maximum,288857850,85905,124818,1886,162040,70116,5965543,TRUE,TRUE,English,,,,,,,,,,,,
RaizQT,286839210,121965,15185,2164,167584,31194,5190502,TRUE,FALSE,English,,,,,,,,,,,,
Replays,285932205,140220,16193,1983,871405,449727,5185473,TRUE,FALSE,English,,,,,,,,,,,,
cdewx,284645955,139140,23448,1904,380159,50596,8015709,TRUE,FALSE,English,,,,,,,,,,,,
BotezLive,283479405,115845,36278,1985,330772,280964,12851602,TRUE,FALSE,English,,,,,,,,,,,,
DownToQuest,281365035,513540,20723,543,82299,53724,3524088,TRUE,TRUE,English,,,,,,,,,,,,
PENTA,280798065,116745,7172,2322,152821,40474,2786097,TRUE,TRUE,English,,,,,,,,,,,,
uhSnow,280296045,88500,8375,3150,134611,43869,3334788,TRUE,TRUE,English,,,,,,,,,,,,
JERICHO,280176915,112860,21935,2401,1191987,66665,7582522,TRUE,FALSE,English,,,,,,,,,,,,
T90Official,279691620,76395,51422,3379,160226,69044,6886631,TRUE,FALSE,English,,,,,,,,,,,,
DanucD,278223765,135030,4439,2045,546052,223147,12048648,TRUE,FALSE,English,,,,,,,,,,,,
DisguisedToast,277695945,20325,38169,9892,1340283,192604,5928269,FALSE,FALSE,English,,,,,,,,,,,,
DesertHeartsRecords,276313155,64620,24264,3620,85097,84304,58418224,FALSE,FALSE,English,,,,,,,,,,,,
Jankos,274889760,45045,18826,5858,573657,271355,9284513,TRUE,FALSE,English,,,,,,,,,,,,
Sykkuno,272813670,91035,29658,2530,334591,305734,5285377,TRUE,FALSE,English,,,,,,,,,,,,
JokerdTV,271815660,120165,319862,2013,159384,157656,9070954,TRUE,TRUE,English,,,,,,,,,,,,
Jerma985,269372580,57495,15921,4773,334594,92752,3411872,TRUE,TRUE,English,,,,,,,,,,,,
GoldGlove,268632360,119895,22448,2196,1433703,23684,16902968,TRUE,FALSE,English,,,,,,,,,,,,
harbleu,266439435,65775,13230,3926,349467,112349,3527460,TRUE,FALSE,English,,,,,,,,,,,,
runthefutmarket,265426125,84945,20746,2999,292812,146753,4266359,TRUE,FALSE,English,,,,,,,,,,,,
Warframe,262160025,13740,346131,12843,1254031,282680,5405191,TRUE,FALSE,English,,,,,,,,,,,,
Smoke,261617925,100050,25500,2331,166007,53212,2955403,TRUE,FALSE,English,,,,,,,,,,,,
mL7support,260845395,115380,9038,2124,342850,140872,5387428,TRUE,FALSE,English,,,,,,,,,,,,
QuickyBaby,255820995,118710,11077,2207,416329,45998,5642381,TRUE,FALSE,English,,,,,,,,,,,,
aDrive,255087615,101085,14637,1692,461081,117274,3858228,TRUE,FALSE,English,,,,,,,,,,,,
KabajiOW,254772135,72240,13865,3252,369667,87338,4098475,TRUE,TRUE,English,,,,,,,,,,,,
TrU3Ta1ent,254345355,113745,10901,2204,595939,101235,6614948,TRUE,FALSE,English,,,,,,,,,,,,
cyr,252345645,146190,19267,1678,182107,49771,4106827,TRUE,TRUE,English,,,,,,,,,,,,
MrSavage,251627985,33030,31525,6883,1651212,734583,9931629,TRUE,FALSE,English,,,,,,,,,,,,
masondota2,250624350,83205,8377,2882,104526,39906,3406472,TRUE,FALSE,English,,,,,,,,,,,,
Annoying,250297065,64290,17361,3884,431285,158587,1799471,TRUE,FALSE,English,,,,,,,,,,,,
Pace22,247862850,156975,10350,1524,171871,112723,3080537,TRUE,TRUE,English,,,,,,,,,,,,
SaltyTeemo,247613265,517980,1803,476,173196,36103,2117741,FALSE,FALSE,English,,,,,,,,,,,,
Odablock,247535550,101595,29397,2336,131966,92477,4228405,TRUE,FALSE,English,,,,,,,,,,,,
Calebhart42,246974370,124830,6763,1808,177595,13410,2533119,TRUE,FALSE,English,,,,,,,,,,,,
MacieJay,246761880,107805,7318,2249,835787,195140,5353692,TRUE,FALSE,English,,,,,,,,,,,,
Kephrii,245934495,165135,8709,1297,559647,102990,5923710,TRUE,FALSE,English,,,,,,,,,,,,
FEDMYSTER,245399790,24945,35011,9086,609723,284967,5176805,TRUE,FALSE,English,,,,,,,,,,,,
Gosu,244854375,64590,16362,3502,1751290,185952,9377658,TRUE,FALSE,English,,,,,,,,,,,,
supertf,244635645,90585,9118,2526,196136,139939,3551440,TRUE,FALSE,English,,,,,,,,,,,,
Kotton,244412715,73005,58818,2757,253065,80920,4459178,TRUE,TRUE,English,,,,,,,,,,,,
saintvicious,244262295,168030,5370,1422,247236,44436,3133396,TRUE,FALSE,English,,,,,,,,,,,,
Northernlion,242833140,60855,9312,3968,359260,22629,3384340,TRUE,FALSE,English,,,,,,,,,,,,
bmkibler,241615470,103230,15034,2247,475075,23971,5087052,TRUE,FALSE,English,,,,,,,,,,,,
Arteezy,240834885,12285,31009,19681,634982,99726,3776042,TRUE,TRUE,English,,,,,,,,,,,,
flamuu,239018790,126915,5242,1851,117425,36301,3225407,TRUE,TRUE,English,,,,,,,,,,,,
WOKE,235303170,51600,50598,3827,107484,105725,3460437,TRUE,TRUE,English,,,,,,,,,,,,
Amaz,235255500,84525,12652,2764,915023,-5405,4237993,TRUE,FALSE,English,,,,,,,,,,,,
ESL_SC2,234726075,278745,40072,1414,305311,36130,5674624,TRUE,FALSE,English,,,,,,,,,,,,
CuteDog_,234058290,207090,7016,1104,113658,22074,3489772,TRUE,TRUE,English,,,,,,,,,,,,
theRealShooKon3,233210205,166260,6148,1333,126282,37207,2944974,TRUE,TRUE,English,,,,,,,,,,,,
Albralelie,232815960,128580,18730,1668,240030,216977,5392597,TRUE,FALSE,English,,,,,,,,,,,,
WagamamaTV,231985905,178470,7377,1268,312799,20933,3880798,TRUE,FALSE,English,,,,,,,,,,,,
sleepy,231452460,107280,8855,2103,317125,254462,3295029,TRUE,FALSE,English,,,,,,,,,,,,
GrandPOObear,231011760,101175,13295,2230,253619,44926,3877237,TRUE,TRUE,English,,,,,,,,,,,,
LuluLuvely,229749045,107070,10110,2178,431852,360592,6019198,TRUE,FALSE,English,,,,,,,,,,,,
Swifty,229431480,122160,19884,1572,615027,71011,8647522,TRUE,FALSE,English,,,,,,,,,,,,
PsheroTV,228376905,184215,10739,1166,202779,59927,5384623,TRUE,TRUE,English,,,,,,,,,,,,
Strippin,227458650,121575,9127,1816,293665,19904,3115313,TRUE,FALSE,English,,,,,,,,,,,,
Mendo,226473345,99480,25321,1959,518090,176007,5487693,TRUE,TRUE,English,,,,,,,,,,,,
Pikabooirl,225939795,103740,21309,2146,237214,78399,5574448,TRUE,FALSE,English,,,,,,,,,,,,
Skadoodle,225401640,89955,30357,2318,611890,219104,5373229,TRUE,TRUE,English,,,,,,,,,,,,
Otzdarva,222546390,91905,14940,2387,262104,146762,3176930,TRUE,FALSE,English,,,,,,,,,,,,
KingGothalion,218707740,34875,41994,5792,1015521,44907,3349456,TRUE,FALSE,English,,,,,,,,,,,,
ItsSlikeR,218576850,95655,12762,2317,283503,154360,5243404,TRUE,TRUE,English,,,,,,,,,,,,
Alinity,218509065,90150,17341,2441,1203324,255987,13908506,TRUE,FALSE,English,,,,,,,,,,,,
TidesofTime,218415420,88485,12457,2104,251700,27110,2240586,TRUE,FALSE,English,,,,,,,,,,,,
GernaderJake,218318010,146295,21162,1347,295771,70693,8847646,TRUE,FALSE,English,,,,,,,,,,,,
bebe872,217343400,212205,4965,1087,70232,51251,2383295,TRUE,FALSE,English,,,,,,,,,,,,
Flight23white,216792240,31455,74388,7522,828896,704583,2016920,TRUE,FALSE,English,,,,,,,,,,,,
Heelmike,216316170,101400,18963,2115,308927,208795,3406743,TRUE,TRUE,English,,,,,,,,,,,,
OGADotaPIT,216072855,18705,60846,10161,157820,48664,8333671,TRUE,FALSE,English,,,,,,,,,,,,
SoloRenektonOnly,215806260,122985,5118,1735,391603,74554,4581141,TRUE,FALSE,English,,,,,,,,,,,,
k3soju,215233395,125865,7504,1647,76666,70939,2609837,TRUE,FALSE,English,,,,,,,,,,,,
BikeMan,214504440,136845,7223,1486,264192,11101,3531376,TRUE,TRUE,English,,,,,,,,,,,,
Criken,212449905,113040,11050,1828,285509,32753,3593487,TRUE,TRUE,English,,,,,,,,,,,,
Loserfruit,212318190,99525,42374,1816,1869993,790345,10477877,TRUE,FALSE,English,,,,,,,,,,,,
Broxah,212141310,46605,13137,4269,317896,209200,5351294,TRUE,FALSE,English,,,,,,,,,,,,
landonorris,209499930,30120,97550,6524,584831,457635,12694726,TRUE,FALSE,English,,,,,,,,,,,,
chess24,207560115,82035,32856,1603,66198,49745,20337169,TRUE,FALSE,English,,,,,,,,,,,,
TheNo1Alex,206694345,176910,8554,1105,140855,30883,7225371,TRUE,FALSE,English,,,,,,,,,,,,
Tomato,205792050,76080,5358,2675,92634,36010,2200922,TRUE,TRUE,English,,,,,,,,,,,,
runitup247,205746015,486000,1182,422,91608,30397,2424188,TRUE,FALSE,English,,,,,,,,,,,,
skill4ltu,205017270,135510,4049,1503,127741,46398,4548052,TRUE,TRUE,English,,,,,,,,,,,,
Worrun_,204440715,94455,41881,1728,146163,103762,3425022,TRUE,TRUE,English,,,,,,,,,,,,
brax,204330900,26010,28736,5295,574927,282648,4449212,TRUE,FALSE,English,,,,,,,,,,,,
HAchubby,203908095,73110,13675,2779,221461,159519,5075885,TRUE,FALSE,English,,,,,,,,,,,,
Wingsofdeath,202858185,144150,7176,1343,473157,6267,2534023,TRUE,FALSE,English,,,,,,,,,,,,
mang0,202842615,140325,24391,1403,328671,53694,3077795,TRUE,TRUE,English,,,,,,,,,,,,
Philza,202591425,62925,24611,2991,527540,292543,5158370,TRUE,FALSE,English,,,,,,,,,,,,
Kurumx,202487955,131190,16413,1543,50286,49439,2485867,TRUE,FALSE,English,,,,,,,,,,,,
Pieface23,201823125,93360,14072,2149,238155,127444,2037389,TRUE,FALSE,English,,,,,,,,,,,,
CurtisRyan,201233880,162660,7245,1205,65688,33141,3760730,TRUE,TRUE,English,,,,,,,,,,,,
CalebDMTG,200582400,121635,5446,1608,71327,9005,1563033,TRUE,FALSE,English,,,,,,,,,,,,
Fairlight_Excalibur,199826220,163650,19156,1208,408958,5162,1645770,TRUE,FALSE,English,,,,,,,,,,,,
StreamerHouse,199501650,496545,12609,402,630255,10659,2800864,TRUE,FALSE,English,,,,,,,,,,,,
Twitch,198083340,12015,130795,9190,1189614,223168,46395022,TRUE,FALSE,English,,,,,,,,,,,,
Wardiii,196743645,104280,9459,1670,76777,31905,3970743,TRUE,FALSE,English,,,,,,,,,,,,
KarasMai,195800370,138300,6728,1374,281664,139915,3975842,TRUE,FALSE,English,,,,,,,,,,,,
Sloot,195525465,207555,21283,937,205002,23506,4415937,TRUE,FALSE,English,,,,,,,,,,,,
ChicaLive,195344370,92445,14928,2045,1041932,631422,2776587,TRUE,FALSE,English,,,,,,,,,,,,
Valkia,194961090,106335,23519,1008,308459,146451,8091070,TRUE,FALSE,English,,,,,,,,,,,,
caps,194376465,17865,26754,10170,479368,270611,6373471,TRUE,FALSE,English,,,,,,,,,,,,
Alfie,194074230,181755,15588,971,183885,33462,3380440,TRUE,FALSE,English,,,,,,,,,,,,
NiceWigg,193912155,130140,13013,1475,184033,111498,2871081,TRUE,FALSE,English,,,,,,,,,,,,
JASONR,193460805,188205,33902,992,777611,136800,6183865,TRUE,FALSE,English,,,,,,,,,,,,
miniminter,189756300,41400,27188,4215,858427,588461,16598800,TRUE,FALSE,English,,,,,,,,,,,,
ClintStevens,189206565,40125,15223,4445,393432,102753,2303521,TRUE,FALSE,English,,,,,,,,,,,,
Jay3,187658970,165585,9514,1111,189654,124100,3079327,TRUE,FALSE,English,,,,,,,,,,,,
SovietWomble,187497450,63360,9616,2900,1368076,214775,5846971,TRUE,TRUE,English,,,,,,,,,,,,
Speedrun,186800430,500010,16604,375,93358,51098,13863239,TRUE,FALSE,English,,,,,,,,,,,,
hexy,186060390,90495,14020,2092,336093,20006,2855592,TRUE,FALSE,English,,,,,,,,,,,,
xChocoBars,185905980,96300,37216,1917,583881,107350,8679867,TRUE,FALSE,English,,,,,,,,,,,,
SheriffEli,185394810,143400,5988,1291,265814,11832,2355559,TRUE,TRUE,English,,,,,,,,,,,,
iateyourpie,184820460,181335,10962,987,124020,7942,4878552,TRUE,FALSE,English,,,,,,,,,,,,
KYR_SP33DY,184233300,95055,6607,1879,706212,66637,2451110,TRUE,FALSE,English,,,,,,,,,,,,
Pengu,182358345,70665,7707,2452,775987,241309,5240516,TRUE,TRUE,English,,,,,,,,,,,,
TSM_TheOddOne,181908120,188445,4363,913,864087,-15772,6370949,TRUE,FALSE,English,,,,,,,,,,,,
VGBootCamp,181431360,77085,97791,1534,521938,24798,5491154,TRUE,FALSE,English,,,,,,,,,,,,
CapcomFighters,181252125,23850,84858,5684,348447,20205,12878708,TRUE,FALSE,English,,,,,,,,,,,,
Datto,181075290,71400,82047,2122,530822,89739,4566171,TRUE,TRUE,English,,,,,,,,,,,,
BeatportOfficial,180850230,27765,48457,5300,126546,124653,36484452,TRUE,FALSE,English,,,,,,,,,,,,
Sanchovies,180166830,141225,15588,1250,154845,145102,3924344,TRUE,FALSE,English,,,,,,,,,,,,
GhostFreak66,179939730,107295,94791,1029,111646,89879,2471382,TRUE,TRUE,English,,,,,,,,,,,,
Monkeynews,179083095,154965,72483,1288,80290,54112,4978021,TRUE,TRUE,English,,,,,,,,,,,,
WARDELL,178718460,127155,16215,1394,306435,288200,5304936,TRUE,TRUE,English,,,,,,,,,,,,
NiteNightKid,178419030,149040,29228,1127,28818,11998,1450208,TRUE,TRUE,English,,,,,,,,,,,,
fuslie,178245645,67560,45247,2504,336394,116757,7152158,TRUE,FALSE,English,,,,,,,,,,,,
Tyceno,177947595,42825,40407,4015,297359,250536,1623230,TRUE,TRUE,English,,,,,,,,,,,,
Faux,177800325,151170,15167,1133,237909,29301,3248586,TRUE,FALSE,English,,,,,,,,,,,,
Drjayfisto,177159195,155340,4092,1105,130341,41353,6201998,TRUE,TRUE,English,,,,,,,,,,,,
BigEx,176005440,96870,21401,1569,256448,138235,1947938,TRUE,FALSE,English,,,,,,,,,,,,
Becca,174842160,115200,11405,1500,357844,56356,4198030,TRUE,FALSE,English,,,,,,,,,,,,
SirhcEz,174824130,133410,5928,1279,579629,34334,3081725,TRUE,FALSE,English,,,,,,,,,,,,
twlevewinsHS,174228915,102900,5425,1711,38410,31257,1353428,TRUE,FALSE,English,,,,,,,,,,,,
Zombie_Barricades,173823135,228765,4497,735,172386,60031,2219053,TRUE,TRUE,English,,,,,,,,,,,,
NBA2KLeague,173779995,28245,48495,4264,143535,42942,67586924,TRUE,FALSE,English,,,,,,,,,,,,
GingiTV,171013470,89805,6450,1713,156597,45047,5117439,TRUE,FALSE,English,,,,,,,,,,,,
venruki,170464680,133110,13179,1264,292558,44449,7127552,TRUE,FALSE,English,,,,,,,,,,,,
nugiyen,169858440,159135,8448,996,121984,22377,3448935,TRUE,FALSE,English,,,,,,,,,,,,
HighDistortion,169501845,105630,20179,1397,1677690,61126,5125402,TRUE,FALSE,English,,,,,,,,,,,,
THump,169365870,92055,8063,1885,250786,115028,2168664,TRUE,TRUE,English,,,,,,,,,,,,
MaTaFe_,169215480,153525,8535,1096,116653,106957,4182011,TRUE,TRUE,English,,,,,,,,,,,,
VaporaDark,168943005,70650,5041,2338,101359,22193,7610128,TRUE,FALSE,English,,,,,,,,,,,,
PaymoneyWubby,168861240,30600,16622,5485,302419,126399,2668187,TRUE,FALSE,English,,,,,,,,,,,,
RTGameCrowd,168832200,38685,20354,4259,861594,308499,3736356,TRUE,FALSE,English,,,,,,,,,,,,
Bawkbasoup,168736395,130215,7853,1259,94820,27795,2313340,TRUE,TRUE,English,,,,,,,,,,,,
TSM_Hamlinz,167898480,11055,51989,15483,2137521,126150,2268382,TRUE,FALSE,English,,,,,,,,,,,,
DougisRaw,167875230,153960,22641,1076,127151,74509,2149900,TRUE,TRUE,English,,,,,,,,,,,,
Mmorpg,167774640,182925,4994,908,235167,19566,3055373,TRUE,FALSE,English,,,,,,,,,,,,
BreaK,167534355,115560,9531,1432,309300,18289,3880016,TRUE,TRUE,English,,,,,,,,,,,,
Xposed,167309220,111240,8580,1475,266853,147449,2220313,TRUE,TRUE,English,,,,,,,,,,,,
BoarControlHS,166892040,153345,3622,1064,79204,39363,2852825,TRUE,FALSE,English,,,,,,,,,,,,
CrReaM,166587645,142350,8098,1150,165906,6207,1614843,TRUE,TRUE,English,,,,,,,,,,,,
SmallAnt,166352115,96720,11518,1821,255156,218287,2695198,TRUE,FALSE,English,,,,,,,,,,,,
Naowh,165590085,120435,11693,1333,103636,48833,5069397,TRUE,FALSE,English,,,,,,,,,,,,
Vargskelethor,164759730,58395,6577,2809,287063,60041,2147906,TRUE,TRUE,English,,,,,,,,,,,,
LobosJr,163736505,121335,12709,1332,375646,27173,3970888,TRUE,TRUE,English,,,,,,,,,,,,
Monstercat,163589370,519675,14261,313,788684,22331,4084222,TRUE,FALSE,English,,,,,,,,,,,,
DuelLinksMeta,163307010,89910,5792,1886,88697,33306,6092699,TRUE,FALSE,English,,,,,,,,,,,,
swimstrim,162723510,108540,13314,1383,137885,62796,2964244,TRUE,FALSE,English,,,,,,,,,,,,
AnneMunition,162714930,99345,37236,1586,621921,65910,10222790,TRUE,FALSE,English,,,,,,,,,,,,
Reverse2k,162618315,181665,14160,925,380488,155158,3906784,TRUE,FALSE,English,,,,,,,,,,,,
erobb221,162559230,82470,10391,2028,244207,88737,2352357,TRUE,FALSE,English,,,,,,,,,,,,
Cryaotic,162138405,85785,7169,1727,813371,24644,2326058,TRUE,TRUE,English,,,,,,,,,,,,
Sweatcicle,161489220,137880,14550,1023,160000,120954,2372907,TRUE,TRUE,English,,,,,,,,,,,,
tebtv,161468685,69315,13639,2177,76050,59909,10310607,TRUE,FALSE,English,,,,,,,,,,,,
Alkaizerx,161185890,103950,12430,1312,153870,21706,3152805,TRUE,TRUE,English,,,,,,,,,,,,
Rogue,159761910,121005,7289,1186,169330,147217,2431075,TRUE,FALSE,English,,,,,,,,,,,,
easywithaces,159655155,107910,18686,1388,90359,35096,3279762,TRUE,TRUE,English,,,,,,,,,,,,
dizzy,159505395,49125,19262,2997,795869,122263,4572893,TRUE,TRUE,English,,,,,,,,,,,,
EAMaddenNFL,159449055,19995,57179,5697,241924,72319,5152605,TRUE,FALSE,English,,,,,,,,,,,,
TobiasFate,159172080,127740,4681,1233,701822,49134,5210466,TRUE,FALSE,English,,,,,,,,,,,,
PUBG,159140235,32865,35922,4647,733628,78929,4783744,TRUE,FALSE,English,,,,,,,,,,,,
BananaSlamJamma,159071145,113595,5152,1263,170181,23267,2546439,TRUE,TRUE,English,,,,,,,,,,,,
Dyrus,158999070,138300,11338,1123,1474090,111,3724340,TRUE,TRUE,English,,,,,,,,,,,,
IFrostBolt,158035530,169260,6210,897,199618,106749,2723926,TRUE,FALSE,English,,,,,,,,,,,,
Kandyland,157882170,86745,9203,1748,405554,202294,11207571,TRUE,TRUE,English,,,,,,,,,,,,
Sco,157847640,57690,15241,1790,375911,32463,10361325,TRUE,FALSE,English,,,,,,,,,,,,
ProfessorBroman,157325925,154635,12676,955,732192,22714,3579571,TRUE,TRUE,English,,,,,,,,,,,,
PardonMyTake,156004485,25140,141406,6728,143916,143806,3300371,TRUE,FALSE,English,,,,,,,,,,,,
Sweet_Anita,155731920,57600,21594,2690,972070,510063,7927278,TRUE,TRUE,English,,,,,,,,,,,,
Draineo,155593140,124095,7777,1169,102225,65702,175788,TRUE,FALSE,English,,,,,,,,,,,,
AnthonyZ,154524165,117735,7416,1216,199617,23303,2812219,TRUE,FALSE,English,,,,,,,,,,,,
roflgator,153963765,110910,14329,1281,106365,46487,1449834,TRUE,TRUE,English,,,,,,,,,,,,
QuarterJade,153857655,61980,12144,2286,277256,167202,3921702,TRUE,FALSE,English,,,,,,,,,,,,
Stewie2K,151271895,24735,27416,5296,875087,289867,5771575,TRUE,TRUE,English,,,,,,,,,,,,
jorbs,151128345,117795,4084,1243,70609,20603,1410877,TRUE,FALSE,English,,,,,,,,,,,,
kurt0411,150579045,37710,26941,4083,142446,114789,2221662,TRUE,FALSE,English,,,,,,,,,,,,
SayNoToRage,150150330,137820,8014,1010,168463,17619,1552234,TRUE,FALSE,English,,,,,,,,,,,,
MiltonTPike1,149975130,81960,8838,1845,200012,25768,2185519,TRUE,FALSE,English,,,,,,,,,,,,
MarketTradersTV,148900110,499215,1357,297,30413,12081,981536,TRUE,FALSE,English,,,,,,,,,,,,
Flambass,148717500,130395,5507,1138,71953,26918,2319131,TRUE,TRUE,English,,,,,,,,,,,,
Aa9skillz,148596180,49035,11843,2885,502696,142789,2373012,TRUE,FALSE,English,,,,,,,,,,,,
Limmy,148371105,90600,6575,1641,207508,136263,2433739,TRUE,TRUE,English,,,,,,,,,,,,
kyliebitkin,147948870,127485,6688,1142,85336,25720,2468122,TRUE,TRUE,English,,,,,,,,,,,,
CoconutB,147918285,122565,4596,1171,188378,62459,2691775,TRUE,TRUE,English,,,,,,,,,,,,
FanHOTS,147664290,134550,2104,1090,64587,27948,2451118,TRUE,FALSE,English,,,,,,,,,,,,
Killars,146865810,210810,4232,642,46971,15728,1747381,TRUE,FALSE,English,,,,,,,,,,,,
Weak3n,146770110,115470,2922,1260,188176,30028,4780580,TRUE,FALSE,English,,,,,,,,,,,,
Tourva,146412075,116070,5067,1185,287553,182413,7888629,TRUE,TRUE,English,,,,,,,,,,,,
wintergaming,146245920,195615,7019,719,260779,13900,3609065,TRUE,FALSE,English,,,,,,,,,,,,
monkeys_forever,145475145,80460,6738,1563,79270,34329,2106144,TRUE,FALSE,English,,,,,,,,,,,,
trihex,144608640,121515,21721,1157,431935,29678,5777172,TRUE,TRUE,English,,,,,,,,,,,,
Spaceboy,144599880,123015,10590,1107,135311,27050,2614773,TRUE,TRUE,English,,,,,,,,,,,,
Froggen,144496815,46710,10648,3024,770030,31800,3577064,TRUE,FALSE,English,,,,,,,,,,,,
RiceGum,144167385,12300,29173,11696,903261,388376,2273737,TRUE,FALSE,English,,,,,,,,,,,,
ipav999,144114480,191400,2536,737,163956,82668,2920832,TRUE,FALSE,English,,,,,,,,,,,,
kragiee,143449350,121890,6298,1137,234312,65977,3136101,TRUE,FALSE,English,,,,,,,,,,,,
Puppers,143414790,98595,6798,1458,171425,64591,1753517,TRUE,FALSE,English,,,,,,,,,,,,
Crayator,143191365,75165,4911,1796,599828,177501,3865293,TRUE,FALSE,English,,,,,,,,,,,,
MANvsGAME,142696875,65775,5831,2103,510330,2336,2713787,TRUE,TRUE,English,,,,,,,,,,,,
foggedftw2,142444290,111675,8622,1220,242205,109500,3438208,TRUE,TRUE,English,,,,,,,,,,,,
Linkus7,142322655,121755,7248,1121,96728,41862,1866513,TRUE,FALSE,English,,,,,,,,,,,,
Arcadum,142213980,134700,13801,992,120586,78642,2169921,TRUE,FALSE,English,,,,,,,,,,,,
ImMarksman,142168560,77430,11141,1889,633443,152094,1311402,TRUE,FALSE,English,,,,,,,,,,,,
SilentSentry,141219225,125760,5572,1085,301633,13533,1896110,TRUE,FALSE,English,,,,,,,,,,,,
purple_hs,140426535,111810,5460,1149,88792,18850,1512076,TRUE,FALSE,English,,,,,,,,,,,,
Zerkaa,140243025,51000,11192,2571,529504,373720,2530852,TRUE,FALSE,English,,,,,,,,,,,,
Spraggy,139893270,81585,30415,1674,99807,35453,3037728,TRUE,FALSE,English,,,,,,,,,,,,
Day9tv,139556325,64500,5597,2140,496790,13344,2495558,TRUE,FALSE,English,,,,,,,,,,,,
JonBams,139067415,88830,5577,1522,309837,75728,1940922,TRUE,TRUE,English,,,,,,,,,,,,
OuterHeaven,137995935,94575,6955,1101,137954,7924,1037346,TRUE,TRUE,English,,,,,,,,,,,,
Yamikazexz,137528370,74490,12411,1643,201657,161100,5719244,TRUE,FALSE,English,,,,,,,,,,,,
aircool,137305080,128055,12620,964,153703,120570,1628826,TRUE,FALSE,English,,,,,,,,,,,,
robn_live,137249820,133545,73664,656,66223,63975,1502917,TRUE,FALSE,English,,,,,,,,,,,,
Ezekiel_III,136597425,109890,18804,1190,190452,8969,4018240,TRUE,TRUE,English,,,,,,,,,,,,
BrookeAB,135540690,48705,24357,2777,737161,247335,6936235,TRUE,FALSE,English,,,,,,,,,,,,
innocents,135250410,83790,13654,1557,534759,279080,3488587,TRUE,TRUE,English,,,,,,,,,,,,
RealKraftyy,135181170,108585,19953,1235,710277,21198,4102026,TRUE,FALSE,English,,,,,,,,,,,,
Bamboe,134431230,118920,5956,1075,86644,25348,2322578,TRUE,FALSE,English,,,,,,,,,,,,
MuTeX,133816530,150015,9448,824,200619,114872,1615269,TRUE,TRUE,English,,,,,,,,,,,,
RayNarvaezJr,133649520,82605,6611,1589,528396,29068,2180691,TRUE,TRUE,English,,,,,,,,,,,,
Zalae,133078635,95010,5934,1351,170668,23494,1776974,TRUE,FALSE,English,,,,,,,,,,,,
KheZu,132976365,124635,5322,991,122158,28840,2671995,TRUE,FALSE,English,,,,,,,,,,,,
RiotGamesOCE,132387150,40890,50458,3076,149775,65748,8437414,TRUE,FALSE,English,,,,,,,,,,,,
AlcastHQ,132082785,28905,12999,4680,81928,24582,41833833,TRUE,FALSE,English,,,,,,,,,,,,
julien,132054690,80895,15150,1685,511861,177756,4880209,TRUE,FALSE,English,,,,,,,,,,,,
Ziqoftw,131821710,94515,10569,1293,198304,33547,4933908,TRUE,FALSE,English,,,,,,,,,,,,
CouRageJD,131341275,14010,72100,8717,2115596,120434,2874860,FALSE,FALSE,English,,,,,,,,,,,,
JeffHoogland,130973670,113655,3375,1070,68914,7290,1965274,TRUE,FALSE,English,,,,,,,,,,,,
Call of Duty (callofduty),130938960,3645,170131,19897,968465,50321,5423366,TRUE,TRUE,English,,,,,,,,,,,,
Wackyjacky101,130390590,130335,5981,1012,209700,72794,9213152,TRUE,FALSE,English,,,,,,,,,,,,
iceiceice,130179570,37545,8409,3107,183960,57797,2582911,TRUE,FALSE,English,,,,,,,,,,,,
StarCraft,130159470,14850,56109,6636,342409,22130,4110003,TRUE,FALSE,English,,,,,,,,,,,,
MadDecentLive,129993915,42510,36968,3069,95371,95352,44291541,FALSE,FALSE,English,,,,,,,,,,,,
WillerZ,129956310,133770,24663,872,79392,68899,2344895,TRUE,TRUE,English,,,,,,,,,,,,
Markstrom,129129615,106620,71423,915,93045,35277,1829062,TRUE,FALSE,English,,,,,,,,,,,,
ops1x,128783415,68235,23490,1457,268942,254190,3050489,TRUE,FALSE,English,,,,,,,,,,,,
Warcraft,127646610,10005,51972,13741,593564,31688,6635421,TRUE,FALSE,English,,,,,,,,,,,,
DizzyKitten,127398990,80100,10080,1584,613135,54653,8960383,TRUE,FALSE,English,,,,,,,,,,,,
Halifax,126885855,160500,12478,793,228316,52433,2955093,TRUE,FALSE,English,,,,,,,,,,,,
Gigz,126436725,98685,15061,1136,254401,44075,1958787,TRUE,FALSE,English,,,,,,,,,,,,
richwcampbell,126132675,69870,34756,1878,108410,57422,3790423,TRUE,FALSE,English,,,,,,,,,,,,
Cizzorz,125812350,56970,11782,1891,1866339,222573,3095942,TRUE,FALSE,English,,,,,,,,,,,,
RyuQuezacotl,125680845,125820,4022,976,79063,9884,1867494,TRUE,TRUE,English,,,,,,,,,,,,
Sigma,125477415,94695,81683,798,61206,54151,1334161,TRUE,TRUE,English,,,,,,,,,,,,
Robbaz,125249820,86415,4938,1427,229652,23827,5009610,TRUE,FALSE,English,,,,,,,,,,,,
TommyKayLIVE,124680810,108105,3536,1124,127770,58673,2561302,TRUE,TRUE,English,,,,,,,,,,,,
TMemoryy,124620795,130440,3244,924,171107,64750,1027960,TRUE,FALSE,English,,,,,,,,,,,,
Hitch,124224555,132870,3976,875,96343,30813,1942552,TRUE,TRUE,English,,,,,,,,,,,,
Adin2Huncho,124133550,64920,14502,1470,199880,162642,956614,TRUE,FALSE,English,,,,,,,,,,,,
ALLinPav,124058985,137760,6221,850,71579,21360,3156265,TRUE,TRUE,English,,,,,,,,,,,,
Surefour,124056555,53145,7911,2289,331662,46991,2066041,TRUE,TRUE,English,,,,,,,,,,,,
NumotTheNummy,123899265,105930,3359,1118,103069,8045,1530401,TRUE,FALSE,English,,,,,,,,,,,,
CallMeCarsonLIVE,123486240,14340,61531,8208,1151712,732108,3533199,TRUE,TRUE,English,,,,,,,,,,,,
ZiggyDLive,123398085,99075,18437,1227,173807,15899,4249580,TRUE,FALSE,English,,,,,,,,,,,,
KEEMSTAR,123365895,3465,74195,35333,146035,46367,7139253,FALSE,FALSE,English,,,,,,,,,,,,
RelaxBeats,123273930,521430,2830,235,166162,29595,1094850,TRUE,FALSE,English,,,,,,,,,,,,
LAGTVMaximusBlack,123125340,161535,7138,725,256353,13251,2310313,TRUE,TRUE,English,,,,,,,,,,,,
Destructoid,122628630,103020,14566,1190,48007,8995,87603521,TRUE,FALSE,English,,,,,,,,,,,,
AndyMilonakis,122311065,104745,10543,1153,547446,109111,3926918,TRUE,FALSE,English,,,,,,,,,,,,